winsize;numfeat;img;numthreads;time_conv;time_eigen
3;64;000009.png;1;
0.029515
0.029977
0.032526
0.029284
0.030032
0.031034
0.030549
0.030636
0.030969
0.029140
0.015993
0.015813
0.015928
0.015816
0.016155
0.015690
0.015839
0.016205
0.016014
0.015787
3;64;000009.png;2;
0.029248
0.022762
0.030847
0.027665
0.020607
0.030333
0.022120
0.024106
0.028701
0.036464
0.020925
0.015372
0.016559
0.017133
0.018410
0.017331
0.018207
0.015225
0.016084
0.017239
3;64;000009.png;3;
0.040745
0.025896
0.026666
0.017920
0.019138
0.018525
0.019671
0.021766
0.065965
0.017440
0.020328
0.014052
0.012606
0.011912
0.014169
0.021285
0.012922
0.014116
0.023535
0.020788
3;64;000009.png;4;
0.024221
0.032676
0.027382
0.031663
0.027231
0.028982
0.028331
0.026046
0.021349
0.024140
0.012963
0.018060
0.016512
0.012441
0.015034
0.013387
0.023183
0.014977
0.012712
0.024422
3;64;img_1.jpg;1;
1.049036
1.027051
1.038517
1.046127
1.048478
1.040990
1.319597
1.049615
1.049223
1.055659
0.588337
0.566310
0.573344
0.575378
0.580932
0.573321
0.590331
0.583448
0.570717
0.560865
3;64;img_1.jpg;2;
0.526660
0.522937
0.567616
0.521637
0.578989
0.608992
0.521847
0.674136
0.653828
0.622990
0.720088
0.435875
0.761041
0.440826
0.425632
0.436439
0.763538
0.714027
0.431335
0.424223
3;64;img_1.jpg;3;
0.573607
0.377671
0.362314
0.395120
0.372828
0.377024
0.380032
0.397912
0.370711
0.487319
0.759820
0.811132
0.795132
0.448975
0.562712
0.506331
0.564430
0.394449
0.453440
0.814591
3;64;img_1.jpg;4;
0.413522
0.365324
0.359736
0.387121
0.548187
0.611075
0.285267
0.280982
0.255518
0.346436
0.411904
0.798495
0.429164
0.475116
0.502898
0.434175
0.509932
0.558810
0.481753
0.438376
3;64;img_2.jpg;1;
0.519209
0.524157
0.541884
0.601266
0.534201
0.519352
0.521899
0.528099
0.547151
0.520185
0.289432
0.286473
0.296098
0.349334
0.310751
0.290551
0.288632
0.292337
0.340722
0.289015
3;64;img_2.jpg;2;
0.266616
0.289107
0.312949
0.272166
0.287207
0.291649
0.306742
0.349896
0.266950
0.293039
0.402209
0.431871
0.239871
0.221574
0.288952
0.241354
0.235279
0.419064
0.415818
0.241436
3;64;img_2.jpg;3;
0.264784
0.196359
0.197108
0.182232
0.191319
0.181735
0.181646
0.183201
0.184042
0.181483
0.276743
0.271882
0.220392
0.257438
0.243380
0.433833
0.248117
0.234255
0.437771
0.207224
3;64;img_2.jpg;4;
0.140199
0.140186
0.144810
0.139653
0.139740
0.140695
0.140993
0.155454
0.140569
0.140594
0.230735
0.268590
0.441333
0.291155
0.465971
0.230877
0.305961
0.442224
0.449800
0.264417
3;64;img_3.jpg;1;
0.806434
0.802572
0.805574
0.813218
0.805090
0.803918
0.807825
0.807311
0.816395
0.802777
0.444183
0.442666
0.444827
0.446411
0.445126
0.443837
0.446021
0.444038
0.452343
0.444749
3;64;img_3.jpg;2;
0.407161
0.409102
0.421725
0.408303
0.409939
0.406639
0.410360
0.410803
0.410859
0.416831
0.332728
0.323594
0.330956
0.427799
0.650263
0.437809
0.348470
0.330405
0.418968
0.434514
3;64;img_3.jpg;3;
0.281876
0.284036
0.285593
0.284417
0.286585
0.282188
0.337978
0.413435
0.283523
0.286989
0.708081
0.325437
0.414754
0.427599
0.668773
0.326402
0.677652
0.420842
0.326916
0.673262
3;64;img_3.jpg;4;
0.227991
0.217591
0.221728
0.229501
0.217610
0.225979
0.220697
0.224868
0.242219
0.217527
0.413794
0.416931
0.413440
0.357072
0.682606
0.357312
0.451596
0.372841
0.356038
0.371843
3;64;img_4.jpg;1;
0.907179
0.918456
0.906231
0.909052
0.912764
0.908634
0.910179
0.907292
0.918131
0.913259
0.502591
0.506693
0.501088
0.502157
0.500385
0.507822
0.502883
0.503703
0.507152
0.508302
3;64;img_4.jpg;2;
0.463440
0.467510
0.466148
0.465435
0.465112
0.464416
0.461770
0.460629
0.462608
0.459839
0.488261
0.711502
0.378245
0.380457
0.678204
0.357184
0.736481
0.751496
0.375758
0.490217
3;64;img_4.jpg;3;
0.317509
0.320815
0.318124
0.317432
0.317727
0.317723
0.319809
0.320080
0.318432
0.317534
0.749165
0.425198
0.456124
0.464199
0.354296
0.520902
0.752717
0.366934
0.420906
0.427944
3;64;img_4.jpg;4;
0.247342
0.244779
0.261126
0.277113
0.244325
0.246066
0.243769
0.244680
0.248076
0.247845
0.400757
0.457773
0.484734
0.537082
0.772190
0.792710
0.467930
0.804077
0.402292
0.767943
3;64;img_5.jpg;1;
0.609251
0.600555
0.601212
0.601523
0.600652
0.603041
0.605063
0.601356
0.601338
0.600476
0.334343
0.333656
0.331412
0.333947
0.335086
0.332040
0.334210
0.330910
0.331152
0.331471
3;64;img_5.jpg;2;
0.307644
0.305850
0.305923
0.308209
0.303926
0.307630
0.306337
0.304024
0.305467
0.306209
0.265353
0.247931
0.260579
0.315750
0.462189
0.336181
0.464804
0.258312
0.316581
0.458421
3;64;img_5.jpg;3;
0.212207
0.208632
0.208768
0.209825
0.210374
0.208354
0.214246
0.209647
0.209805
0.209476
0.336642
0.508651
0.496848
0.280528
0.507651
0.243892
0.325163
0.335127
0.497544
0.277575
3;64;img_5.jpg;4;
0.172897
0.162777
0.162526
0.163074
0.162089
0.188685
0.164366
0.162451
0.162715
0.162789
0.509340
0.507674
0.357749
0.304067
0.304718
0.276334
0.265773
0.523442
0.495716
0.310136
3;1024;000009.png;1;
0.029259
0.028677
0.028598
0.027976
0.027683
0.027731
0.027750
0.027657
0.028561
0.028295
0.014852
0.015348
0.014970
0.014719
0.014759
0.014713
0.014795
0.014704
0.014777
0.014814
3;1024;000009.png;2;
0.015018
0.014816
0.015186
0.014953
0.015064
0.014409
0.014480
0.014170
0.014536
0.015332
0.011432
0.012515
0.021131
0.013881
0.011017
0.011826
0.010417
0.010812
0.021021
0.011260
3;1024;000009.png;3;
0.013853
0.016901
0.010642
0.010213
0.010286
0.010534
0.011004
0.010744
0.011003
0.010186
0.010893
0.022555
0.012972
0.022507
0.022305
0.022646
0.010882
0.012415
0.014030
0.022044
3;1024;000009.png;4;
0.019020
0.019954
0.012025
0.012784
0.017294
0.014251
0.018885
0.017359
0.010623
0.010362
0.012286
0.013803
0.013459
0.023095
0.012378
0.022650
0.023836
0.023564
0.023379
0.012155
3;1024;img_1.jpg;1;
0.956559
0.955502
0.957739
0.957269
0.958556
0.956814
0.961319
0.958733
0.957305
0.959655
0.530124
0.529811
0.531562
0.533828
0.530817
0.531218
0.532332
0.530782
0.534499
0.534222
3;1024;img_1.jpg;2;
0.483809
0.481975
0.487750
0.486595
0.484650
0.485744
0.486843
0.487408
0.485676
0.486823
0.524809
0.513009
0.416434
0.392613
0.781438
0.788738
0.418255
0.515080
0.503521
0.405793
3;1024;img_1.jpg;3;
0.330948
0.332723
0.332913
0.333367
0.334118
0.335335
0.333920
0.334364
0.333823
0.332514
0.796178
0.372445
0.445115
0.396394
0.448744
0.486180
0.506719
0.385328
0.384906
0.444752
3;1024;img_1.jpg;4;
0.258740
0.257359
0.257597
0.258675
0.257377
0.257980
0.260318
0.256914
0.255977
0.256906
0.503049
0.492806
0.564596
0.442153
0.523431
0.855942
0.523403
0.483565
0.491591
0.422889
3;1024;img_2.jpg;1;
0.519114
0.521413
0.518257
0.519002
0.521486
0.521009
0.518329
0.524149
0.518159
0.518502
0.287087
0.288123
0.289010
0.287281
0.287591
0.287964
0.286895
0.291215
0.285946
0.286929
3;1024;img_2.jpg;2;
0.264552
0.265592
0.263052
0.265039
0.266288
0.266086
0.264179
0.262490
0.263895
0.264649
0.217985
0.204133
0.209784
0.226971
0.273300
0.214722
0.289612
0.219371
0.213640
0.423427
3;1024;img_2.jpg;3;
0.182251
0.182168
0.181444
0.181609
0.181203
0.181062
0.181056
0.181781
0.180851
0.181950
0.266080
0.248424
0.271512
0.429382
0.244958
0.275763
0.433454
0.444933
0.257528
0.273658
3;1024;img_2.jpg;4;
0.154073
0.140218
0.140054
0.140597
0.158360
0.139861
0.139637
0.140517
0.140500
0.144015
0.268692
0.467108
0.232124
0.291009
0.264696
0.230845
0.266872
0.460022
0.240459
0.307153
3;1024;img_3.jpg;1;
0.804820
0.811167
0.817474
0.817511
0.806775
0.804690
0.808863
0.804132
0.806035
0.803702
0.443459
0.450139
0.443479
0.453205
0.447003
0.443883
0.445426
0.444278
0.444811
0.442712
3;1024;img_3.jpg;2;
0.415233
0.407605
0.407460
0.410304
0.407633
0.413388
0.409824
0.409915
0.408269
0.406571
0.358857
0.424684
0.344035
0.579237
0.416307
0.618597
0.629862
0.427557
0.343552
0.425985
3;1024;img_3.jpg;3;
0.281679
0.281231
0.280709
0.280923
0.280830
0.280945
0.281414
0.281920
0.280962
0.279838
0.718087
0.323372
0.411447
0.378450
0.451041
0.670549
0.326503
0.683280
0.664985
0.404205
3;1024;img_3.jpg;4;
0.216749
0.216741
0.217533
0.216614
0.226806
0.216882
0.216781
0.221530
0.220732
0.216253
0.655359
0.372023
0.682615
0.420398
0.372260
0.690272
0.405985
0.405807
0.682373
0.357197
3;1024;img_4.jpg;1;
0.905483
0.917283
0.910434
0.910089
0.906410
0.908402
0.923040
0.909575
0.908693
0.905719
0.502522
0.510389
0.502800
0.503407
0.501412
0.501486
0.508690
0.503597
0.504770
0.503140
3;1024;img_4.jpg;2;
0.459323
0.459924
0.461303
0.463775
0.463051
0.465710
0.464044
0.465137
0.461444
0.459772
0.712506
0.391154
0.479205
0.361109
0.396773
0.727692
0.348783
0.507656
0.716930
0.734353
3;1024;img_4.jpg;3;
0.318272
0.318333
0.319542
0.317535
0.315227
0.315387
0.317411
0.317898
0.319509
0.317410
0.754777
0.463060
0.379891
0.788514
0.788218
0.423438
0.367005
0.446351
0.478503
0.788770
3;1024;img_4.jpg;4;
0.247969
0.249565
0.246889
0.248888
0.245994
0.246899
0.244758
0.245127
0.244771
0.244877
0.795033
0.508895
0.508386
0.467945
0.793631
0.468767
0.422344
0.811868
0.400804
0.800578
3;1024;img_5.jpg;1;
0.607249
0.609464
0.603888
0.599733
0.602322
0.605885
0.603838
0.598216
0.602641
0.601161
0.332936
0.335331
0.332915
0.332833
0.331301
0.336597
0.332762
0.332221
0.331345
0.332109
3;1024;img_5.jpg;2;
0.306506
0.303447
0.309082
0.305481
0.303778
0.306212
0.306064
0.306525
0.303804
0.303909
0.273185
0.529431
0.248044
0.320658
0.333321
0.319934
0.252448
0.327086
0.322632
0.483137
3;1024;img_5.jpg;3;
0.209681
0.210212
0.209629
0.211919
0.210212
0.208377
0.209922
0.209823
0.208893
0.208698
0.239493
0.312966
0.241253
0.292888
0.280811
0.501374
0.299994
0.276353
0.290520
0.527453
3;1024;img_5.jpg;4;
0.177987
0.162579
0.164300
0.162196
0.162496
0.162677
0.161672
0.161650
0.163187
0.166997
0.304453
0.277352
0.540255
0.334815
0.269946
0.265574
0.335842
0.329573
0.520025
0.320241
3;4096;000009.png;1;
0.028567
0.028818
0.028382
0.028379
0.027566
0.027920
0.027748
0.028611
0.028298
0.027601
0.015012
0.014828
0.014867
0.014801
0.014714
0.014664
0.014717
0.014808
0.014951
0.015040
3;4096;000009.png;2;
0.015242
0.014875
0.015106
0.015105
0.014426
0.014426
0.015531
0.014225
0.014555
0.014550
0.010355
0.012007
0.020141
0.010434
0.023470
0.011234
0.012102
0.014321
0.018802
0.014497
3;4096;000009.png;3;
0.012904
0.010068
0.011028
0.010562
0.010808
0.010667
0.010951
0.009965
0.010173
0.011033
0.022148
0.022867
0.010812
0.022530
0.010452
0.014173
0.012652
0.012745
0.022016
0.011222
3;4096;000009.png;4;
0.017586
0.013011
0.014386
0.014492
0.012045
0.015560
0.013661
0.014432
0.013544
0.018165
0.015431
0.012316
0.013511
0.024008
0.013724
0.013549
0.011902
0.013839
0.023300
0.014038
3;4096;img_1.jpg;1;
0.956065
0.959105
0.953564
0.965892
0.967032
0.958709
0.957609
0.959148
0.955993
0.965778
0.529839
0.532519
0.531693
0.535731
0.537000
0.532734
0.533478
0.531829
0.530728
0.536838
3;4096;img_1.jpg;2;
0.481959
0.485126
0.487858
0.482352
0.486598
0.486727
0.484713
0.483697
0.484329
0.481774
0.378203
0.503555
0.765878
0.725158
0.365771
0.677784
0.407753
0.405520
0.423805
0.795242
3;4096;img_1.jpg;3;
0.333777
0.333491
0.331543
0.330782
0.331483
0.333212
0.333108
0.331745
0.333281
0.333319
0.487883
0.448166
0.544558
0.828941
0.820980
0.444992
0.449749
0.382641
0.371712
0.490312
3;4096;img_1.jpg;4;
0.262212
0.257449
0.256398
0.256270
0.257238
0.258826
0.256742
0.257383
0.256230
0.257787
0.481338
0.504114
0.504004
0.485792
0.499133
0.423217
0.827095
0.567771
0.508549
0.481359
3;4096;img_2.jpg;1;
0.519864
0.525572
0.532412
0.521029
0.524532
0.518846
0.520815
0.522060
0.521561
0.520025
0.287942
0.290905
0.291731
0.288456
0.289951
0.286304
0.288243
0.287163
0.286126
0.287551
3;4096;img_2.jpg;2;
0.265787
0.262680
0.264338
0.263118
0.265077
0.263132
0.264027
0.264571
0.263851
0.266567
0.283811
0.208693
0.211377
0.398096
0.218719
0.209489
0.215991
0.401491
0.199058
0.208843
3;4096;img_2.jpg;3;
0.181618
0.182257
0.182376
0.181299
0.180723
0.180454
0.180875
0.181277
0.181039
0.180931
0.411656
0.245617
0.239897
0.209002
0.242751
0.446616
0.309197
0.268214
0.247599
0.311845
3;4096;img_2.jpg;4;
0.151124
0.139694
0.140719
0.144365
0.140463
0.139411
0.139636
0.139629
0.140323
0.142554
0.441321
0.321435
0.278828
0.268725
0.267871
0.268448
0.240332
0.229665
0.282716
0.266384
3;4096;img_3.jpg;1;
0.804317
0.807846
0.813713
0.807254
0.821737
0.811302
0.812325
0.807544
0.806043
0.804329
0.446068
0.444848
0.450631
0.447264
0.447512
0.449100
0.450899
0.446004
0.447657
0.444534
3;4096;img_3.jpg;2;
0.409930
0.413399
0.408120
0.410377
0.407644
0.410991
0.408061
0.409056
0.411280
0.408272
0.662142
0.430559
0.330807
0.630536
0.318197
0.318922
0.324624
0.448773
0.431923
0.627526
3;4096;img_3.jpg;3;
0.279763
0.280252
0.283672
0.281427
0.281366
0.281719
0.280375
0.298198
0.281971
0.281499
0.420167
0.376949
0.680216
0.373538
0.322662
0.423839
0.377471
0.377616
0.373181
0.449647
3;4096;img_3.jpg;4;
0.218337
0.226271
0.217451
0.216364
0.216693
0.223542
0.234315
0.216983
0.217077
0.218080
0.415628
0.406719
0.474588
0.356979
0.411820
0.354437
0.372443
0.740699
0.475454
0.679170
3;4096;img_4.jpg;1;
0.925017
0.912021
0.911036
0.907543
0.914308
0.904771
0.909671
0.899721
0.917766
0.910288
0.505003
0.503481
0.506992
0.501589
0.508658
0.500721
0.502776
0.500962
0.506127
0.500133
3;4096;img_4.jpg;2;
0.461379
0.460859
0.459489
0.462684
0.466322
0.463447
0.464059
0.462156
0.459485
0.465911
0.477161
0.357513
0.495751
0.487439
0.390398
0.393928
0.379180
0.696673
0.507812
0.379011
3;4096;img_4.jpg;3;
0.318142
0.318157
0.316883
0.317733
0.316455
0.317282
0.318637
0.317003
0.320952
0.316762
0.432282
0.418437
0.765914
0.420578
0.505281
0.752697
0.375827
0.772364
0.759786
0.418791
3;4096;img_4.jpg;4;
0.247207
0.246260
0.257571
0.246250
0.246520
0.248027
0.244606
0.244706
0.245205
0.247547
0.492652
0.463166
0.536610
0.795767
0.771880
0.401610
0.461096
0.769318
0.420018
0.800454
3;4096;img_5.jpg;1;
0.608913
0.600245
0.599966
0.598886
0.600686
0.598925
0.600720
0.601570
0.600994
0.603086
0.335046
0.332039
0.332417
0.331723
0.330879
0.334904
0.332950
0.333312
0.332708
0.334429
3;4096;img_5.jpg;2;
0.307824
0.311093
0.304476
0.306299
0.303496
0.304972
0.305026
0.303860
0.304085
0.304268
0.256336
0.256893
0.246933
0.256275
0.477623
0.258676
0.481952
0.328478
0.493779
0.337332
3;4096;img_5.jpg;3;
0.217317
0.208974
0.209911
0.210473
0.208966
0.209565
0.210044
0.209610
0.210522
0.209442
0.285978
0.313452
0.508067
0.243052
0.279471
0.283018
0.283519
0.249423
0.280066
0.279482
3;4096;img_5.jpg;4;
0.183316
0.162526
0.180922
0.162457
0.161955
0.163368
0.164276
0.162730
0.161731
0.162932
0.521101
0.509114
0.517179
0.309573
0.309038
0.509049
0.537183
0.278018
0.266131
0.310502
5;64;000009.png;1;
0.028836
0.028538
0.028787
0.028844
0.027577
0.027844
0.028005
0.027777
0.027449
0.027535
0.028531
0.028142
0.028637
0.028278
0.028238
0.028168
0.028521
0.028059
0.028007
0.028400
5;64;000009.png;2;
0.015287
0.015902
0.016216
0.014156
0.016087
0.015044
0.014343
0.014525
0.015234
0.015039
0.016528
0.022772
0.023917
0.015028
0.015310
0.015011
0.014737
0.015679
0.015115
0.015265
5;64;000009.png;3;
0.011666
0.010457
0.010223
0.012813
0.011562
0.011304
0.009938
0.011899
0.012170
0.011066
0.018009
0.012412
0.012573
0.012157
0.013118
0.012384
0.015072
0.022376
0.012325
0.014976
5;64;000009.png;4;
0.017984
0.021931
0.013581
0.009848
0.019818
0.015153
0.012902
0.014155
0.013067
0.014326
0.015464
0.017222
0.023603
0.013022
0.012535
0.012598
0.014383
0.023137
0.013809
0.023461
5;64;img_1.jpg;1;
0.955312
0.952862
0.958552
0.958721
0.967602
0.959509
0.957483
0.961917
0.955352
0.959224
1.013153
1.014705
1.013671
1.012773
1.021480
1.015149
1.012406
1.017346
1.011586
1.013735
5;64;img_1.jpg;2;
0.482958
0.484846
0.486239
0.484280
0.484526
0.485625
0.485962
0.486452
0.486979
0.485797
0.529314
0.725686
0.525290
0.555797
0.523804
0.770330
0.737942
0.536447
0.736083
0.545362
5;64;img_1.jpg;3;
0.333954
0.333227
0.332957
0.333025
0.332789
0.332450
0.334186
0.333519
0.332846
0.334171
0.784633
0.619289
0.456272
0.428586
0.481819
0.442008
0.435377
0.531723
0.801720
0.807807
5;64;img_1.jpg;4;
0.258269
0.259649
0.256569
0.259585
0.257432
0.256844
0.258398
0.257031
0.257749
0.256755
0.825694
0.820979
0.537022
0.447966
0.540405
0.851454
0.527714
0.496850
0.527435
0.572582
5;64;img_2.jpg;1;
0.521237
0.525220
0.519964
0.520499
0.518705
0.519807
0.518940
0.518707
0.518815
0.524727
0.548926
0.555090
0.559596
0.549466
0.550258
0.551789
0.548018
0.549061
0.549234
0.554415
5;64;img_2.jpg;2;
0.263312
0.263502
0.263248
0.263369
0.265434
0.263795
0.262643
0.268219
0.265636
0.263506
0.295573
0.412806
0.286020
0.285045
0.306091
0.286528
0.298605
0.291584
0.290610
0.284360
5;64;img_2.jpg;3;
0.181559
0.180891
0.181289
0.180350
0.181725
0.181229
0.180557
0.181492
0.184237
0.181564
0.417199
0.425438
0.257938
0.257101
0.430850
0.280785
0.264002
0.243960
0.255411
0.449534
5;64;img_2.jpg;4;
0.141492
0.140838
0.140079
0.140216
0.140280
0.139689
0.139692
0.140844
0.139996
0.140973
0.429941
0.269660
0.428966
0.432212
0.448935
0.243284
0.448752
0.292618
0.276583
0.329886
5;64;img_3.jpg;1;
0.804228
0.806495
0.812460
0.808234
0.808455
0.809661
0.806387
0.809583
0.810631
0.811616
0.886387
0.887617
0.892366
0.884385
0.883355
0.885325
0.884864
0.883573
0.886451
0.885069
5;64;img_3.jpg;2;
0.411981
0.409473
0.410933
0.410940
0.410340
0.406557
0.408027
0.406758
0.409673
0.409930
0.468998
0.460095
0.627282
0.647324
0.460251
0.490675
0.455597
0.705893
0.462255
0.631165
5;64;img_3.jpg;3;
0.281978
0.282119
0.281861
0.280872
0.281271
0.281167
0.281349
0.281675
0.280845
0.281293
0.387293
0.385639
0.424978
0.389818
0.460310
0.383187
0.467931
0.415783
0.471067
0.671392
5;64;img_3.jpg;4;
0.220528
0.216526
0.217826
0.217438
0.220674
0.232313
0.216506
0.217649
0.216696
0.219845
0.428270
0.389491
0.424680
0.384191
0.737066
0.678303
0.421097
0.428754
0.462165
0.695275
5;64;img_4.jpg;1;
0.914809
0.914674
0.913524
0.920564
0.924379
0.920460
0.909880
0.912101
0.907176
0.911637
0.960204
0.959439
0.960063
0.963988
0.969723
0.972647
0.963364
0.968178
0.965926
0.967768
5;64;img_4.jpg;2;
0.463568
0.463575
0.458944
0.463649
0.462435
0.461105
0.458827
0.459026
0.460181
0.463946
0.721242
0.498932
0.561148
0.507498
0.709684
0.501497
0.760607
0.499955
0.509444
0.507784
5;64;img_4.jpg;3;
0.315109
0.315732
0.317661
0.316845
0.322538
0.315025
0.318074
0.317475
0.319768
0.318322
0.427565
0.747693
0.409610
0.491440
0.421106
0.450715
0.415657
0.436753
0.448061
0.765777
5;64;img_4.jpg;4;
0.262259
0.246474
0.245318
0.296732
0.247004
0.244157
0.244291
0.246025
0.244590
0.244474
0.477308
0.796846
0.810194
0.505586
0.764062
0.502800
0.425295
0.571287
0.834920
0.408890
5;64;img_5.jpg;1;
0.603291
0.614089
0.600073
0.599488
0.602003
0.599392
0.599414
0.600378
0.603483
0.599319
0.632749
0.640825
0.633759
0.632330
0.635080
0.635579
0.635207
0.634185
0.638995
0.634637
5;64;img_5.jpg;2;
0.310626
0.306184
0.307998
0.305679
0.303725
0.306422
0.303890
0.306190
0.303797
0.303564
0.462653
0.331101
0.499906
0.471969
0.366685
0.353693
0.326574
0.390430
0.394311
0.332679
5;64;img_5.jpg;3;
0.215882
0.211527
0.208677
0.209956
0.208574
0.209471
0.210175
0.209312
0.210255
0.211343
0.345910
0.492320
0.330118
0.280402
0.331076
0.489921
0.345695
0.269510
0.288531
0.490785
5;64;img_5.jpg;4;
0.192534
0.162827
0.162097
0.164572
0.162030
0.167873
0.161989
0.168992
0.162981
0.162013
0.329204
0.310191
0.310890
0.282287
0.504795
0.503577
0.517937
0.358764
0.314231
0.311377
5;1024;000009.png;1;
0.028409
0.027881
0.027823
0.028697
0.027411
0.027894
0.027929
0.027783
0.027732
0.028392
0.028233
0.028157
0.028137
0.028490
0.027962
0.027965
0.028059
0.027966
0.028083
0.028594
5;1024;000009.png;2;
0.015146
0.016234
0.015207
0.015425
0.016163
0.015053
0.015195
0.015222
0.014935
0.014929
0.014804
0.018117
0.016057
0.015063
0.020910
0.014740
0.021191
0.020530
0.014858
0.014754
5;1024;000009.png;3;
0.056978
0.011014
0.010541
0.010246
0.011443
0.010641
0.010372
0.010157
0.009685
0.011167
0.017665
0.012519
0.013416
0.022252
0.022106
0.012152
0.012099
0.014784
0.015552
0.022207
5;1024;000009.png;4;
0.015128
0.017506
0.014897
0.015767
0.010114
0.017322
0.011665
0.016001
0.015194
0.012259
0.012586
0.012904
0.013757
0.016181
0.023531
0.012602
0.023955
0.012493
0.012992
0.013728
5;1024;img_1.jpg;1;
0.951565
0.954842
0.955539
0.955050
0.955675
0.959735
0.956968
0.959886
0.956575
0.959124
1.006866
1.011200
1.011928
1.010926
1.012402
1.014223
1.011023
1.012310
1.011413
1.013824
5;1024;img_1.jpg;2;
0.483041
0.485665
0.483489
0.484163
0.485832
0.486395
0.483450
0.486943
0.485917
0.486256
0.529582
0.565867
0.522927
0.761628
0.528402
0.544288
0.761097
0.545488
0.560889
0.526986
5;1024;img_1.jpg;3;
0.333614
0.332240
0.334029
0.332909
0.335290
0.332867
0.332815
0.334205
0.333402
0.332965
0.488837
0.440494
0.490664
0.435862
0.436238
0.446687
0.514272
0.561122
0.449608
0.440695
5;1024;img_1.jpg;4;
0.259580
0.257271
0.259144
0.258640
0.257478
0.257477
0.272549
0.262575
0.257040
0.261893
0.493999
0.493733
0.432117
0.430586
0.494363
0.493845
0.430806
0.492471
0.485623
0.431253
5;1024;img_2.jpg;1;
0.524110
0.519452
0.521118
0.535278
0.518225
0.526246
0.529714
0.519572
0.519682
0.521862
0.551362
0.550131
0.548838
0.557170
0.548548
0.554313
0.557434
0.547714
0.548778
0.552952
5;1024;img_2.jpg;2;
0.264942
0.265308
0.264945
0.265425
0.267226
0.262868
0.267912
0.263075
0.263757
0.264863
0.286774
0.419806
0.286493
0.295876
0.406337
0.329548
0.315533
0.284358
0.428308
0.292300
5;1024;img_2.jpg;3;
0.182033
0.182079
0.181940
0.181772
0.182344
0.182730
0.181633
0.184218
0.180889
0.181655
0.291371
0.250047
0.317903
0.234929
0.434445
0.438219
0.233524
0.298655
0.261691
0.256586
5;1024;img_2.jpg;4;
0.141221
0.144951
0.140287
0.141029
0.140235
0.149021
0.141048
0.140937
0.140268
0.142100
0.268562
0.448953
0.276567
0.436854
0.273956
0.293241
0.269979
0.234938
0.293843
0.280615
5;1024;img_3.jpg;1;
0.812888
0.815237
0.804361
0.803346
0.804623
0.806244
0.815326
0.807339
0.815015
0.807014
0.888858
0.896766
0.890270
0.889495
0.887480
0.885546
0.892308
0.884821
0.893356
0.884702
5;1024;img_3.jpg;2;
0.409388
0.406955
0.413021
0.411120
0.410970
0.409576
0.415218
0.413578
0.406888
0.408735
0.460680
0.457388
0.462643
0.461590
0.460942
0.462386
0.474656
0.460657
0.628926
0.690758
5;1024;img_3.jpg;3;
0.284443
0.281768
0.284222
0.282835
0.283289
0.283800
0.281384
0.284990
0.281796
0.282106
0.391490
0.494470
0.413070
0.384071
0.447093
0.698125
0.380677
0.406459
0.485010
0.397546
5;1024;img_3.jpg;4;
0.259411
0.222473
0.219585
0.224089
0.216959
0.222214
0.220607
0.249011
0.229361
0.230840
0.404152
0.684445
0.387632
0.379856
0.467566
0.500032
0.429192
0.441104
0.391433
0.388020
5;1024;img_4.jpg;1;
0.929054
0.907954
0.907996
0.908773
0.924146
0.909579
0.906689
0.909198
0.906214
0.907747
1.011883
0.964447
0.966186
0.968777
1.042205
0.967985
0.965675
0.967310
0.965453
0.965583
5;1024;img_4.jpg;2;
0.467304
0.458273
0.464519
0.464534
0.463046
0.463089
0.461354
0.459022
0.458956
0.463580
0.810938
0.802673
0.499318
0.498500
0.562378
0.516421
0.513824
0.782447
0.510555
0.512849
5;1024;img_4.jpg;3;
0.321925
0.318872
0.316932
0.318400
0.317625
0.320391
0.315223
0.317392
0.317724
0.315645
0.416592
0.408584
0.515600
0.778501
0.558557
0.524677
0.449240
0.511948
0.455863
0.500856
5;1024;img_4.jpg;4;
0.247703
0.245609
0.246055
0.246820
0.247889
0.244706
0.262735
0.245262
0.254438
0.245791
0.785750
0.471801
0.473499
0.471787
0.783925
0.425324
0.427651
0.427394
0.470559
0.504824
5;1024;img_5.jpg;1;
0.610268
0.601212
0.605293
0.600518
0.598242
0.606745
0.604376
0.601502
0.607863
0.601770
0.640505
0.634258
0.639397
0.635038
0.635960
0.640836
0.634472
0.633527
0.639234
0.633176
5;1024;img_5.jpg;2;
0.308949
0.305393
0.304776
0.305200
0.310883
0.305066
0.305240
0.304370
0.304251
0.307526
0.474820
0.327377
0.330197
0.329972
0.360119
0.338932
0.336303
0.327717
0.331227
0.466755
5;1024;img_5.jpg;3;
0.210674
0.209937
0.210185
0.208740
0.208594
0.209938
0.209803
0.209734
0.210094
0.208648
0.332982
0.278051
0.307288
0.515585
0.330351
0.287420
0.277258
0.277106
0.334301
0.344901
5;1024;img_5.jpg;4;
0.176738
0.162987
0.163733
0.165716
0.164825
0.165241
0.163126
0.176310
0.163968
0.162282
0.272835
0.313559
0.279723
0.314041
0.269919
0.312396
0.318266
0.331185
0.283912
0.497605
5;4096;000009.png;1;
0.028184
0.027579
0.027492
0.027555
0.028010
0.027812
0.027511
0.029036
0.027710
0.027481
0.028249
0.028217
0.028004
0.027978
0.028453
0.028231
0.027975
0.028428
0.028064
0.028038
5;4096;000009.png;2;
0.016128
0.014513
0.014485
0.014452
0.014276
0.014505
0.015029
0.014980
0.014989
0.015064
0.022322
0.014889
0.021002
0.016820
0.015397
0.015086
0.017501
0.020440
0.015245
0.014685
5;4096;000009.png;3;
0.012625
0.011013
0.011792
0.011214
0.033421
0.009988
0.011408
0.011825
0.010136
0.009937
0.012048
0.013463
0.012764
0.012117
0.030326
0.012083
0.013854
0.012846
0.015191
0.012540
5;4096;000009.png;4;
0.019262
0.015780
0.018294
0.011653
0.015180
0.010426
0.013807
0.014123
0.010866
0.016154
0.022667
0.013885
0.014330
0.022440
0.012024
0.012122
0.014250
0.012519
0.022749
0.012832
5;4096;img_1.jpg;1;
0.957966
0.965827
0.957220
0.966660
0.958709
0.957486
0.968450
0.957355
0.952890
0.959937
1.011979
1.022765
1.012756
1.021562
1.013545
1.011055
1.021946
1.011572
1.014325
1.013197
5;4096;img_1.jpg;2;
0.484118
0.484582
0.483756
0.486761
0.482927
0.486516
0.482863
0.484146
0.485660
0.481512
0.557146
0.523927
0.529477
0.542036
0.627511
0.561220
0.795588
0.532237
0.740849
0.759368
5;4096;img_1.jpg;3;
0.331074
0.335394
0.334550
0.333481
0.332488
0.333117
0.334166
0.330891
0.330910
0.333293
0.837636
0.805258
0.816344
0.433248
0.438509
0.561417
0.429976
0.469431
0.429738
0.546875
5;4096;img_1.jpg;4;
0.259562
0.257126
0.257601
0.257390
0.258370
0.256210
0.258593
0.259713
0.263368
0.257985
0.538832
0.499920
0.496902
0.509603
0.788227
0.528659
0.491732
0.437955
0.447143
0.443795
5;4096;img_2.jpg;1;
0.522299
0.525102
0.521090
0.521030
0.525731
0.521340
0.524878
0.519797
0.524090
0.518576
0.547942
0.554361
0.548501
0.548164
0.554600
0.549069
0.555075
0.548406
0.549864
0.550385
5;4096;img_2.jpg;2;
0.264458
0.264471
0.263040
0.266891
0.263599
0.263342
0.265568
0.263011
0.269477
0.264222
0.406095
0.407235
0.294961
0.321879
0.405623
0.288551
0.405677
0.406973
0.415125
0.403894
5;4096;img_2.jpg;3;
0.181629
0.182837
0.182678
0.180656
0.180342
0.182173
0.182197
0.183185
0.182203
0.182238
0.322245
0.230969
0.291127
0.256076
0.255867
0.251519
0.429876
0.444764
0.240130
0.288076
5;4096;img_2.jpg;4;
0.141379
0.140641
0.140373
0.140808
0.141744
0.140479
0.144220
0.144886
0.143809
0.141810
0.268932
0.310728
0.449683
0.448999
0.465611
0.442450
0.268231
0.242391
0.429631
0.284284
5;4096;img_3.jpg;1;
0.812230
0.812428
0.805498
0.809224
0.817182
0.807535
0.823128
0.810272
0.817361
0.811120
0.885788
0.894676
0.886669
0.887581
0.894696
0.886291
0.894589
0.885313
0.896067
0.897446
5;4096;img_3.jpg;2;
0.409948
0.408896
0.409635
0.411032
0.411728
0.407639
0.410847
0.410563
0.409250
0.411642
0.485045
0.492254
0.474796
0.460450
0.495359
0.672038
0.459587
0.532903
0.646463
0.513628
5;4096;img_3.jpg;3;
0.282446
0.281766
0.279654
0.282883
0.281010
0.280026
0.279508
0.282111
0.282510
0.282061
0.682520
0.403097
0.423728
0.689818
0.676955
0.422568
0.424357
0.431072
0.454043
0.433488
5;4096;img_3.jpg;4;
0.218596
0.216438
0.217208
0.231540
0.270936
0.231907
0.217284
0.217628
0.220423
0.217874
0.494064
0.380777
0.461721
0.424292
0.434806
0.390442
0.709954
0.431434
0.424316
0.430700
5;4096;img_4.jpg;1;
0.910911
0.903724
0.910308
0.908534
0.909294
0.908944
0.908592
0.916212
0.908858
0.916616
0.961872
0.959486
0.961456
0.960978
0.963347
0.961374
0.965117
0.972314
0.963137
0.971441
5;4096;img_4.jpg;2;
0.463538
0.458771
0.461298
0.459319
0.464534
0.468001
0.458503
0.462714
0.461175
0.462453
0.705448
0.700615
0.509663
0.541662
0.711040
0.604052
0.499267
0.498579
0.505249
0.745280
5;4096;img_4.jpg;3;
0.317552
0.320876
0.317442
0.317699
0.316147
0.318397
0.317799
0.316444
0.316625
0.315790
0.512771
0.417125
0.467891
0.513275
0.436595
0.404122
0.508738
0.500871
0.494015
0.795900
5;4096;img_4.jpg;4;
0.246668
0.246611
0.246098
0.244890
0.248088
0.244710
0.245523
0.246668
0.294378
0.282876
0.470932
0.426012
0.809609
0.787776
0.548493
0.470706
0.432976
0.476760
0.521839
0.410063
5;4096;img_5.jpg;1;
0.620216
0.619679
0.629960
0.617779
0.606162
0.599750
0.599432
0.605894
0.604090
0.600532
0.652246
0.635722
0.674553
0.650167
0.640406
0.632690
0.634857
0.638651
0.634870
0.632805
5;4096;img_5.jpg;2;
0.307437
0.306871
0.304209
0.306906
0.305410
0.305319
0.305960
0.304838
0.305896
0.304084
0.337941
0.332547
0.329870
0.332204
0.382965
0.332518
0.356852
0.326441
0.479611
0.331488
5;4096;img_5.jpg;3;
0.211942
0.209732
0.212605
0.208626
0.209770
0.210273
0.210371
0.211483
0.210910
0.211282
0.275798
0.502381
0.335128
0.349373
0.333475
0.276616
0.338336
0.276594
0.333101
0.364477
5;4096;img_5.jpg;4;
0.176653
0.162584
0.175157
0.168736
0.167978
0.162376
0.180395
0.161986
0.162850
0.162975
0.495080
0.331772
0.279696
0.517514
0.510156
0.544511
0.504740
0.279709
0.331104
0.313526
7;64;000009.png;1;
0.028521
0.028828
0.027971
0.028026
0.028048
0.027868
0.027717
0.027765
0.028650
0.027559
0.048913
0.049686
0.048813
0.048940
0.049169
0.048672
0.048804
0.048992
0.049433
0.049188
7;64;000009.png;2;
0.014491
0.016163
0.014092
0.014316
0.014265
0.014711
0.015184
0.015181
0.014301
0.015055
0.024981
0.026645
0.025171
0.025784
0.026294
0.024891
0.024954
0.026318
0.025257
0.026326
7;64;000009.png;3;
0.011611
0.011025
0.010421
0.015630
0.012425
0.010789
0.035592
0.010557
0.011097
0.010758
0.023220
0.023583
0.017654
0.022576
0.018139
0.017797
0.017349
0.017623
0.022839
0.023799
7;64;000009.png;4;
0.019764
0.022092
0.012178
0.011710
0.011026
0.017164
0.014131
0.014667
0.017377
0.017653
0.017166
0.016665
0.024045
0.015982
0.016295
0.014319
0.014923
0.017478
0.017844
0.014406
7;64;img_1.jpg;1;
0.958953
0.957922
0.956278
0.956566
0.960904
0.968002
0.958912
0.956571
0.959005
0.956530
1.768637
1.763247
1.763166
1.762095
1.767044
1.762258
1.764432
1.762211
1.764986
1.764052
7;64;img_1.jpg;2;
0.483068
0.483569
0.484531
0.483941
0.486288
0.485797
0.483341
0.482769
0.485038
0.484352
0.922852
0.896436
0.900452
0.899666
0.922742
0.901424
0.897010
0.895963
0.899839
0.901350
7;64;img_1.jpg;3;
0.334598
0.332849
0.331440
0.333612
0.333928
0.330567
0.333726
0.334519
0.331171
0.332574
0.628502
0.619419
0.794856
0.618889
0.620392
0.821794
0.623938
0.618857
0.614866
0.812779
7;64;img_1.jpg;4;
0.261608
0.258078
0.258140
0.257920
0.259071
0.257544
0.256929
0.256506
0.258391
0.259321
0.509580
0.823154
0.891395
0.543460
0.568806
0.538485
0.541053
0.818456
0.840288
0.845175
7;64;img_2.jpg;1;
0.519439
0.518809
0.520278
0.520950
0.518674
0.517960
0.527365
0.521117
0.518873
0.520737
0.959190
0.956451
0.957662
0.966267
0.958962
0.956945
0.958109
0.959955
0.959178
0.958772
7;64;img_2.jpg;2;
0.263629
0.263329
0.264411
0.263529
0.264510
0.265654
0.265233
0.265094
0.266239
0.264272
0.489562
0.486645
0.485771
0.485334
0.488744
0.488894
0.487584
0.499088
0.498749
0.498825
7;64;img_2.jpg;3;
0.182438
0.182047
0.181650
0.182176
0.181652
0.181462
0.181902
0.181006
0.181204
0.181585
0.336991
0.337148
0.335966
0.338880
0.337394
0.337681
0.339599
0.472659
0.334828
0.336997
7;64;img_2.jpg;4;
0.146717
0.140584
0.140251
0.140992
0.140377
0.139459
0.140545
0.139955
0.141636
0.140843
0.294392
0.306679
0.441594
0.269512
0.320277
0.281401
0.278731
0.270589
0.284614
0.270354
7;64;img_3.jpg;1;
0.815513
0.808895
0.814314
0.807144
0.814993
0.809498
0.804931
0.806824
0.807122
0.810593
1.512745
1.499774
1.506775
1.499309
1.512040
1.504787
1.504307
1.508764
1.506267
1.510581
7;64;img_3.jpg;2;
0.408361
0.408724
0.408086
0.409894
0.408340
0.410789
0.409350
0.412638
0.413798
0.412854
0.773767
0.765949
0.760596
0.762821
0.767903
0.764884
0.795656
0.806178
0.765205
0.764732
7;64;img_3.jpg;3;
0.279982
0.283281
0.282301
0.283189
0.281603
0.281099
0.281601
0.284503
0.282227
0.283520
0.525964
0.530272
0.532748
0.532630
0.541263
0.536125
0.533406
0.703054
0.530030
0.530236
7;64;img_3.jpg;4;
0.226997
0.216509
0.219664
0.218439
0.228587
0.218598
0.220092
0.220350
0.228209
0.217407
0.449709
0.464832
0.502857
0.475645
0.442290
0.470838
0.716039
0.443988
0.468022
0.449737
7;64;img_4.jpg;1;
0.906472
0.911116
0.908080
0.906328
0.905435
0.909481
0.918552
0.908516
0.920881
0.918308
1.679468
1.683657
1.679816
1.687065
1.681333
1.686308
1.697469
1.680312
1.698522
1.698990
7;64;img_4.jpg;2;
0.463759
0.459327
0.462537
0.460973
0.461586
0.459587
0.463104
0.466046
0.466878
0.461456
0.864957
0.874591
0.878857
0.870626
0.853261
0.900330
0.855002
0.853824
0.860050
0.858746
7;64;img_4.jpg;3;
0.317447
0.315597
0.315729
0.321019
0.316025
0.316660
0.328683
0.315926
0.315684
0.316695
0.599059
0.787238
0.812292
0.591386
0.816311
0.605503
0.780720
0.587590
0.586314
0.778089
7;64;img_4.jpg;4;
0.273923
0.244638
0.246174
0.244068
0.245052
0.252020
0.247806
0.257104
0.245679
0.249206
0.484941
0.588003
0.524289
0.747158
0.480845
0.540531
0.589705
0.474708
0.492906
0.485800
7;64;img_5.jpg;1;
0.600010
0.602173
0.598881
0.604702
0.601713
0.606940
0.598042
0.600733
0.607430
0.605614
1.111762
1.106839
1.104745
1.121887
1.106958
1.115767
1.110032
1.106451
1.114725
1.121858
7;64;img_5.jpg;2;
0.307630
0.306577
0.305952
0.304076
0.308369
0.307305
0.305845
0.306592
0.308309
0.306095
0.566887
0.569390
0.561931
0.563147
0.564937
0.578510
0.560987
0.563845
0.564374
0.563861
7;64;img_5.jpg;3;
0.214334
0.209900
0.209986
0.209917
0.210856
0.211428
0.213971
0.210797
0.209727
0.209892
0.388739
0.389443
0.427489
0.519179
0.389119
0.506393
0.389663
0.388714
0.393770
0.389856
7;64;img_5.jpg;4;
0.177789
0.178145
0.161661
0.162088
0.163233
0.162483
0.162170
0.163237
0.163939
0.163380
0.514387
0.389028
0.320951
0.324080
0.340543
0.560321
0.520452
0.558386
0.325517
0.320986
7;1024;000009.png;1;
0.028840
0.028073
0.028210
0.028604
0.027830
0.027927
0.028196
0.028631
0.028939
0.027957
0.050865
0.048708
0.048950
0.049510
0.048762
0.048730
0.048860
0.049469
0.049780
0.048673
7;1024;000009.png;2;
0.014363
0.015804
0.014475
0.014505
0.014598
0.014294
0.014311
0.014293
0.015014
0.015356
0.025276
0.025143
0.025419
0.025128
0.025196
0.025448
0.024916
0.024919
0.025709
0.025653
7;1024;000009.png;3;
0.011323
0.010034
0.010409
0.034614
0.010081
0.010520
0.009845
0.010218
0.010554
0.010883
0.024576
0.023412
0.017371
0.039408
0.017225
0.023890
0.017853
0.017368
0.023743
0.017644
7;1024;000009.png;4;
0.010251
0.014762
0.011648
0.016735
0.013832
0.014503
0.015382
0.011672
0.014485
0.013575
0.025465
0.023843
0.023686
0.015345
0.024374
0.015997
0.014669
0.015144
0.016527
0.015699
7;1024;img_1.jpg;1;
0.955151
0.953945
0.959646
0.956507
0.956506
0.956942
0.955441
0.955391
0.957793
0.955437
1.761537
1.763142
1.765675
1.761991
1.761463
1.760805
1.762459
1.762356
1.763482
1.762035
7;1024;img_1.jpg;2;
0.483824
0.484810
0.482560
0.484389
0.485756
0.485180
0.484603
0.482246
0.483162
0.486227
0.897787
0.898322
0.920839
0.904062
0.901266
0.902203
0.900332
0.898589
0.896920
0.921765
7;1024;img_1.jpg;3;
0.333642
0.334508
0.333625
0.332610
0.332781
0.333049
0.334294
0.333066
0.332841
0.333898
0.625047
0.852683
0.718959
0.620675
0.618545
0.627515
0.622505
0.824533
0.909200
0.665894
7;1024;img_1.jpg;4;
0.258779
0.257521
0.257566
0.257489
0.270454
0.258435
0.257542
0.257150
0.257515
0.257535
0.540247
0.516500
0.539670
0.783545
0.895989
0.592703
0.503309
0.497199
0.514441
0.564484
7;1024;img_2.jpg;1;
0.520376
0.523973
0.522569
0.522208
0.524120
0.524089
0.521851
0.522603
0.524463
0.525703
0.961616
0.965552
0.959101
0.963650
0.968124
0.966346
0.959954
0.959185
0.966398
0.965833
7;1024;img_2.jpg;2;
0.263886
0.265303
0.268777
0.266173
0.262620
0.264599
0.264785
0.264687
0.265399
0.263818
0.485263
0.487819
0.490064
0.486729
0.484706
0.488408
0.499244
0.492783
0.489619
0.485146
7;1024;img_2.jpg;3;
0.182273
0.181718
0.181262
0.181705
0.181343
0.180987
0.181664
0.182567
0.182327
0.180273
0.343995
0.336145
0.336420
0.337801
0.335853
0.336624
0.457693
0.340531
0.435327
0.335994
7;1024;img_2.jpg;4;
0.140186
0.144373
0.140176
0.139866
0.140347
0.139772
0.163424
0.139794
0.140667
0.140010
0.276209
0.280264
0.426160
0.458230
0.450525
0.307522
0.281477
0.301890
0.270267
0.283649
7;1024;img_3.jpg;1;
0.805548
0.813660
0.804812
0.812551
0.807135
0.811988
0.806867
0.811517
0.807323
0.816834
1.496594
1.507319
1.500051
1.516252
1.504637
1.517145
1.508145
1.525904
1.508705
1.523705
7;1024;img_3.jpg;2;
0.409625
0.410385
0.410287
0.411058
0.410804
0.413303
0.410127
0.409497
0.411079
0.407558
0.796271
0.770764
0.767903
0.765516
0.794382
0.763488
0.774485
0.794984
0.767865
0.815322
7;1024;img_3.jpg;3;
0.280809
0.280114
0.280973
0.280865
0.280750
0.281733
0.286477
0.280886
0.281649
0.280696
0.722633
0.526928
0.532195
0.562803
0.733498
0.537738
0.540083
0.529457
0.529546
0.717097
7;1024;img_3.jpg;4;
0.224257
0.222446
0.223122
0.218120
0.216672
0.217286
0.217424
0.216791
0.216301
0.218489
0.451232
0.446790
0.440780
0.721523
0.442991
0.448453
0.471460
0.779372
0.473172
0.495100
7;1024;img_4.jpg;1;
0.913275
0.905402
0.906067
0.905194
0.915464
0.907811
0.917599
0.908290
0.909095
0.919007
1.682232
1.681427
1.679525
1.682229
1.701323
1.679909
1.697841
1.679919
1.680766
1.699393
7;1024;img_4.jpg;2;
0.460185
0.462566
0.462574
0.458973
0.462915
0.463436
0.459977
0.462560
0.459762
0.459305
0.855289
0.854488
0.855180
0.851733
0.873558
0.855155
0.847942
0.877172
0.854027
0.854425
7;1024;img_4.jpg;3;
0.317610
0.317388
0.317795
0.317994
0.315810
0.317920
0.317787
0.317308
0.317864
0.320118
0.590793
0.774366
0.811902
0.588389
0.589240
0.589433
0.799486
0.785931
0.592727
0.591104
7;1024;img_4.jpg;4;
0.247204
0.244518
0.244667
0.250381
0.244780
0.244216
0.246131
0.246663
0.245548
0.244982
0.564549
0.486416
0.573672
0.512927
0.512259
0.575966
0.472902
0.513573
0.524521
0.535308
7;1024;img_5.jpg;1;
0.603077
0.599946
0.598194
0.606861
0.598590
0.600048
0.601405
0.601273
0.604340
0.600708
1.105653
1.105439
1.110762
1.118153
1.108492
1.110017
1.107570
1.104190
1.119564
1.106018
7;1024;img_5.jpg;2;
0.306798
0.304971
0.306611
0.304878
0.309744
0.307541
0.307620
0.307133
0.308435
0.304967
0.560720
0.572561
0.561408
0.559971
0.577818
0.576996
0.589229
0.577400
0.562268
0.560083
7;1024;img_5.jpg;3;
0.213778
0.210005
0.208311
0.209388
0.210021
0.210920
0.209564
0.209475
0.209885
0.210360
0.399071
0.547330
0.429656
0.388375
0.388700
0.522771
0.402021
0.398390
0.387948
0.389244
7;1024;img_5.jpg;4;
0.174841
0.162556
0.165284
0.162285
0.162922
0.160910
0.166832
0.162584
0.162427
0.162101
0.338702
0.521303
0.532707
0.341287
0.312631
0.323498
0.371901
0.311975
0.380007
0.524128
7;4096;000009.png;1;
0.027822
0.028291
0.028028
0.028308
0.028670
0.028761
0.028533
0.028707
0.027936
0.027723
0.049567
0.049032
0.048790
0.050113
0.049466
0.049306
0.049417
0.049675
0.048996
0.048732
7;4096;000009.png;2;
0.014396
0.014991
0.015220
0.015085
0.014939
0.014922
0.014749
0.014366
0.014404
0.015280
0.024860
0.025939
0.025244
0.025095
0.025056
0.024889
0.025067
0.024982
0.024982
0.025165
7;4096;000009.png;3;
0.010326
0.010458
0.010932
0.010619
0.010311
0.011411
0.010628
0.011352
0.011560
0.010306
0.017484
0.024696
0.017375
0.017353
0.017607
0.017410
0.017501
0.017726
0.019481
0.017593
7;4096;000009.png;4;
0.022676
0.013117
0.012679
0.014528
0.014298
0.014903
0.012686
0.013512
0.016425
0.013138
0.015621
0.013876
0.014917
0.023406
0.023317
0.024079
0.014289
0.015806
0.014246
0.014409
7;4096;img_1.jpg;1;
0.957040
0.955409
0.960039
0.957062
0.956728
0.958732
0.955527
0.955494
0.957009
0.959351
1.760402
1.764590
1.764942
1.761684
1.761248
1.765228
1.765654
1.760497
1.762358
1.765622
7;4096;img_1.jpg;2;
0.486238
0.483285
0.484068
0.485750
0.486825
0.486004
0.485969
0.486495
0.482144
0.486515
0.923135
0.895022
0.899247
0.904255
0.921251
0.923780
0.902065
0.921104
0.897029
0.970919
7;4096;img_1.jpg;3;
0.333262
0.333509
0.334339
0.334453
0.333961
0.332758
0.333496
0.333108
0.370947
0.334746
0.621120
0.621559
0.874061
0.694196
0.620900
0.622903
0.620041
0.628227
0.907439
0.622348
7;4096;img_1.jpg;4;
0.288282
0.259482
0.258131
0.260365
0.285908
0.262632
0.259663
0.319158
0.257408
0.258462
0.858358
0.570544
0.504600
0.561387
0.537910
0.582959
0.499470
0.623824
0.690270
0.638948
7;4096;img_2.jpg;1;
0.590070
0.566799
0.542160
0.550144
0.556274
0.582831
0.549169
0.549827
0.564632
0.524409
1.104009
1.328399
0.994570
0.978264
1.025364
1.033620
1.020937
1.099653
0.957294
0.961711
7;4096;img_2.jpg;2;
0.264440
0.264405
0.264455
0.264498
0.262662
0.265682
0.262697
0.262375
0.263139
0.263815
0.504880
0.489424
0.510764
0.484520
0.483678
0.487961
0.485194
0.490332
0.500473
0.496347
7;4096;img_2.jpg;3;
0.181634
0.181450
0.180562
0.182108
0.182661
0.272492
0.192201
0.182445
0.213536
0.199632
0.344168
0.336139
0.470331
0.464253
0.337556
0.336920
0.336089
0.463256
0.395339
0.502493
7;4096;img_2.jpg;4;
0.149739
0.141574
0.182674
0.193908
0.156230
0.140171
0.192589
0.142687
0.162354
0.217520
0.394121
0.362937
0.309570
0.346847
0.287515
0.311505
0.342313
0.320609
0.334434
0.513655
7;4096;img_3.jpg;1;
0.836097
0.812743
0.816267
0.861651
0.825850
0.870680
0.868892
0.805557
0.896650
0.806221
1.540983
1.515601
1.527475
1.550497
1.546324
1.506007
1.517368
1.582377
1.604211
1.507410
7;4096;img_3.jpg;2;
0.411497
0.424733
0.410285
0.408245
0.423003
0.430685
0.428269
0.420494
0.430142
0.448416
0.783554
0.790099
0.765802
0.817022
0.815869
0.786557
0.809983
0.762446
0.775900
0.805808
7;4096;img_3.jpg;3;
0.395901
0.279759
0.281242
0.292099
0.282981
0.279680
0.280561
0.291344
0.288335
0.286503
0.786268
0.721710
0.703014
0.744121
0.540147
0.723043
0.734229
0.532682
0.730568
0.530579
7;4096;img_3.jpg;4;
0.243820
0.217145
0.230955
0.217088
0.223311
0.220884
0.223649
0.246902
0.218198
0.237511
0.730216
0.736442
0.447051
0.448974
0.465089
0.711831
0.456573
0.598604
0.495360
0.481527
7;4096;img_4.jpg;1;
0.911033
0.907165
0.910488
0.910341
0.911386
0.939520
0.913593
0.912159
0.956186
0.906972
1.697125
1.698038
1.689954
1.685815
1.724164
1.734822
1.701673
1.691342
1.809236
1.715605
7;4096;img_4.jpg;2;
0.478296
0.465426
0.466286
0.476041
0.496112
0.476012
0.466426
0.518955
0.481042
0.461196
0.976463
0.897401
0.900665
0.892156
0.925237
0.871033
0.857785
0.907960
0.890179
0.868182
7;4096;img_4.jpg;3;
0.325894
0.346817
0.318532
0.335833
0.321651
0.320828
0.356794
0.361610
0.364600
0.415704
0.685191
0.634757
0.772037
0.593260
0.637370
0.590731
0.952004
0.717153
0.601280
0.640333
7;4096;img_4.jpg;4;
0.268444
0.324107
0.286748
0.311981
0.320244
0.259639
0.256181
0.319572
0.249257
0.255013
0.811397
0.613966
0.714719
0.663550
0.494850
0.841142
0.488586
0.496705
0.485371
0.509923
7;4096;img_5.jpg;1;
0.644904
0.628439
0.602562
0.629820
0.677116
0.652674
0.613650
0.610739
0.606490
0.606035
1.250785
1.164901
1.108091
1.138258
1.195685
1.174141
1.123073
1.118423
1.138953
1.115463
7;4096;img_5.jpg;2;
0.310084
0.306482
0.305665
0.307980
0.303879
0.304485
0.303557
0.306060
0.306340
0.307620
0.577290
0.587646
0.565074
0.564629
0.564536
0.560243
0.566422
0.561832
0.572579
0.563764
7;4096;img_5.jpg;3;
0.233858
0.211176
0.213142
0.209723
0.209858
0.209243
0.209121
0.211485
0.210747
0.210535
0.392401
0.400998
0.398916
0.389106
0.532247
0.388939
0.438060
0.389010
0.527361
0.522133
7;4096;img_5.jpg;4;
0.233281
0.162805
0.170281
0.164166
0.163030
0.168281
0.161342
0.163135
0.162378
0.163756
0.543534
0.337932
0.390581
0.550029
0.367529
0.319012
0.571840
0.352558
0.344100
0.321542
9;64;000009.png;1;
0.027815
0.028848
0.028024
0.027797
0.030454
0.030435
0.030485
0.030100
0.027614
0.027471
0.076167
0.078064
0.076210
0.079044
0.085161
0.086200
0.085110
0.080605
0.077424
0.075998
9;64;000009.png;2;
0.015485
0.014449
0.015024
0.015801
0.015301
0.014317
0.015407
0.015775
0.015152
0.015319
0.039236
0.040999
0.038799
0.038706
0.039027
0.040682
0.043052
0.042727
0.042937
0.043067
9;64;000009.png;3;
0.012695
0.016753
0.011840
0.038479
0.011282
0.010409
0.013562
0.012012
0.016140
0.012912
0.028640
0.028391
0.027611
0.061260
0.026937
0.028543
0.031757
0.028431
0.029543
0.031668
9;64;000009.png;4;
0.014482
0.019275
0.011652
0.011637
0.013105
0.015572
0.015678
0.018076
0.015271
0.016178
0.023399
0.025513
0.020754
0.021195
0.025199
0.029846
0.025907
0.032086
0.025978
0.027383
9;64;img_1.jpg;1;
1.039663
0.954520
0.975777
0.959833
0.972660
0.960471
0.969450
0.960514
0.960761
0.967668
2.750630
2.782580
2.826848
2.755575
2.923802
2.756060
2.779538
2.753206
2.754056
2.778414
9;64;img_1.jpg;2;
0.491853
0.483360
0.483048
0.483128
0.482493
0.481750
0.483276
0.484508
0.483818
0.532752
1.421868
1.401781
1.397866
1.396519
1.396030
1.393401
1.394826
1.401513
1.395759
1.561901
9;64;img_1.jpg;3;
0.350983
0.478880
0.395286
0.634711
0.336741
0.335003
0.335928
0.334683
0.331702
0.333465
1.009329
1.098897
1.027283
1.039755
0.958455
0.970723
0.959776
0.965464
0.952657
0.958064
9;64;img_1.jpg;4;
0.265051
0.256661
0.257758
0.308103
0.255343
0.255305
0.255291
0.273188
0.261759
0.275674
1.011278
0.740627
0.896770
0.853808
0.753999
0.744144
0.744466
0.871741
0.887617
0.741422
9;64;img_2.jpg;1;
0.530522
0.519720
0.521316
0.521403
0.519932
0.520074
0.520456
0.520013
0.522386
0.519573
1.535774
1.500571
1.497943
1.501462
1.501354
1.496333
1.496899
1.499626
1.499413
1.502204
9;64;img_2.jpg;2;
0.264311
0.266475
0.267870
0.266799
0.267258
0.266279
0.275578
0.273494
0.268360
0.266957
0.787261
0.761658
0.767496
0.760925
0.763646
0.767395
0.763263
0.770206
0.768972
0.760637
9;64;img_2.jpg;3;
0.182315
0.182174
0.183083
0.181392
0.182897
0.181708
0.181452
0.184102
0.181930
0.182435
0.534561
0.527033
0.521435
0.518707
0.527872
0.527088
0.524536
0.538659
0.520790
0.522169
9;64;img_2.jpg;4;
0.173195
0.140586
0.141534
0.140278
0.172338
0.142542
0.146866
0.140066
0.141696
0.141007
0.481888
0.405903
0.415587
0.401301
0.445317
0.478317
0.410060
0.473276
0.403327
0.498195
9;64;img_3.jpg;1;
0.832672
0.815628
0.857160
0.847144
0.808017
0.814788
0.813952
0.815715
0.813709
0.814530
2.352885
2.393549
2.430149
2.526407
2.328436
2.351354
2.369061
2.351257
2.349101
2.353195
9;64;img_3.jpg;2;
0.426146
0.412042
0.412095
0.410611
0.410365
0.410684
0.408028
0.427299
0.412485
0.414693
1.258717
1.185717
1.261471
1.189758
1.195268
1.182757
1.178808
1.189770
1.216028
1.180463
9;64;img_3.jpg;3;
0.308609
0.467032
0.281490
0.341745
0.283124
0.329954
0.278505
0.290536
0.299243
0.284030
0.980425
0.978926
0.839458
0.819917
0.858481
0.854176
0.821290
0.867881
0.809783
0.818852
9;64;img_3.jpg;4;
0.348221
0.298888
0.218009
0.216783
0.316432
0.220212
0.217698
0.291427
0.237682
0.379200
0.726486
0.711701
0.636890
0.632243
0.751234
0.776220
0.642789
0.672376
0.631165
0.831328
9;64;img_4.jpg;1;
0.980828
0.906985
0.921438
0.919566
0.926454
0.929627
0.941124
0.922794
0.920743
0.916749
2.673729
2.758297
2.711273
2.727846
2.741100
2.811765
2.657432
2.790166
2.651285
2.624945
9;64;img_4.jpg;2;
0.473787
0.474039
0.472905
0.463848
0.480822
0.462378
0.468850
0.475359
0.460660
0.480393
1.420497
1.365627
1.371546
1.361865
1.354552
1.382169
1.341390
1.330164
1.342133
1.349684
9;64;img_4.jpg;3;
0.324711
0.324320
0.400074
0.317380
0.376670
0.320431
0.318149
0.328404
0.323197
0.318491
1.152375
0.935324
1.067852
0.913047
0.916103
0.972682
0.909993
0.948164
0.930675
0.932595
9;64;img_4.jpg;4;
0.345410
0.367182
0.262899
0.297004
0.258238
0.313224
0.264205
0.250319
0.251407
0.403643
0.991983
0.721792
0.779720
0.788319
0.717455
0.731657
0.799110
0.704206
0.710518
0.927039
9;64;img_5.jpg;1;
0.608704
0.622343
0.600747
0.609633
0.606112
0.604268
0.609734
0.601377
0.618431
0.602878
1.742202
1.765460
1.735711
1.748017
1.731412
1.727687
1.745511
1.735619
1.778377
1.749284
9;64;img_5.jpg;2;
0.311581
0.306155
0.306443
0.309939
0.304164
0.304774
0.311709
0.312454
0.310952
0.311050
0.879792
0.873010
0.878690
0.894659
0.873716
0.884350
0.894152
0.883039
0.882472
0.894987
9;64;img_5.jpg;3;
0.211046
0.208727
0.261649
0.213163
0.214161
0.215763
0.210876
0.209968
0.213758
0.212903
0.602422
0.599903
0.604682
0.607634
0.605011
0.624223
0.612507
0.603704
0.607944
0.612664
9;64;img_5.jpg;4;
0.166695
0.205760
0.166336
0.162788
0.164766
0.194839
0.199713
0.179993
0.169678
0.164018
0.506764
0.606940
0.562189
0.530384
0.534718
0.495032
0.555618
0.470206
0.468352
0.579919
9;1024;000009.png;1;
0.027838
0.028769
0.029396
0.028878
0.029780
0.029048
0.028949
0.029280
0.028405
0.027809
0.080045
0.077972
0.079018
0.081218
0.080279
0.080149
0.078739
0.079639
0.076082
0.080641
9;1024;000009.png;2;
0.029260
0.017083
0.014727
0.016267
0.015393
0.014911
0.015095
0.016220
0.014490
0.015675
0.040621
0.041481
0.039390
0.039643
0.039905
0.039783
0.039117
0.046528
0.040115
0.040333
9;1024;000009.png;3;
0.011505
0.011128
0.009978
0.012041
0.010743
0.018962
0.010917
0.010296
0.010036
0.011304
0.027849
0.026457
0.026868
0.027372
0.027336
0.026761
0.027863
0.026855
0.026836
0.027133
9;1024;000009.png;4;
0.025398
0.011815
0.012338
0.017453
0.011181
0.010411
0.011648
0.016768
0.012912
0.012198
0.025275
0.022890
0.020716
0.020952
0.025985
0.024343
0.021381
0.021363
0.022803
0.022402
9;1024;img_1.jpg;1;
0.972006
0.958252
0.984889
0.975423
0.973097
0.966364
0.982117
0.958541
0.969150
0.966642
2.760210
2.775961
2.839874
2.767924
2.753638
2.799898
2.789404
2.783624
2.794474
2.862373
9;1024;img_1.jpg;2;
0.486663
0.483978
0.482019
0.486285
0.503296
0.505576
0.487974
0.492804
0.484250
0.484527
1.441313
1.409004
1.423678
1.407354
1.427739
1.432327
1.430232
1.470239
1.397380
1.397402
9;1024;img_1.jpg;3;
0.335128
0.366511
0.339116
0.335040
0.342990
0.333852
0.334455
0.334038
0.333795
0.333782
0.963095
0.973998
0.963006
0.965946
0.983269
0.961294
0.962816
0.973873
0.962510
0.961605
9;1024;img_1.jpg;4;
0.263423
0.274237
0.259111
0.371067
0.262951
0.315230
0.282221
0.284763
0.291320
0.273021
0.908087
1.008972
0.790856
0.978333
0.944371
0.877757
0.809052
0.971151
0.815297
0.989949
9;1024;img_2.jpg;1;
0.538299
0.548613
0.533703
0.519048
0.537064
0.528425
0.545197
0.521308
0.522580
0.523531
1.528452
1.543414
1.517369
1.536319
1.571111
1.567938
1.546231
1.505242
1.498061
1.523812
9;1024;img_2.jpg;2;
0.271144
0.265156
0.285286
0.267921
0.293950
0.274078
0.266832
0.267813
0.275219
0.266509
0.760054
0.767235
0.866464
0.766908
0.788150
0.838384
0.763549
0.770338
0.765879
0.776906
9;1024;img_2.jpg;3;
0.235962
0.185739
0.185917
0.181849
0.182284
0.182199
0.187995
0.299670
0.187080
0.186983
0.589192
0.531112
0.524090
0.521447
0.520764
0.527467
0.554889
0.579291
0.527367
0.569112
9;1024;img_2.jpg;4;
0.158483
0.182464
0.160699
0.162021
0.174444
0.225060
0.143411
0.158296
0.161111
0.242900
0.586173
0.453476
0.419942
0.428288
0.530262
0.461771
0.411300
0.483032
0.409334
0.447666
9;1024;img_3.jpg;1;
0.842558
0.809018
0.809732
0.807601
0.821448
0.835729
0.812279
0.809517
0.807707
0.810144
2.381774
2.333122
2.334486
2.343736
2.390476
2.414199
2.332096
2.333156
2.335041
2.333215
9;1024;img_3.jpg;2;
0.426837
0.411605
0.414652
0.424588
0.410272
0.408760
0.408999
0.409209
0.412928
0.408798
1.265528
1.191295
1.185788
1.231689
1.200986
1.187875
1.210041
1.259278
1.183712
1.181550
9;1024;img_3.jpg;3;
0.385036
0.289422
0.282231
0.281112
0.280541
0.295961
0.282112
0.288436
0.284921
0.322258
1.000372
0.816492
0.816117
0.831159
0.897630
0.884907
0.964864
0.832710
0.850541
0.901035
9;1024;img_3.jpg;4;
0.246773
0.218443
0.225170
0.309362
0.219478
0.223057
0.238086
0.221495
0.290375
0.286066
0.885551
0.627983
0.623656
0.724838
0.623832
0.646485
0.922731
0.892418
0.720399
0.840778
9;1024;img_4.jpg;1;
0.963312
0.928093
0.950488
0.910569
0.914421
0.928346
0.947328
0.921606
0.920994
0.921069
2.696444
2.692080
2.687341
2.625003
2.633755
2.679967
2.705979
2.666408
2.696117
2.625605
9;1024;img_4.jpg;2;
0.476768
0.467032
0.462240
0.462036
0.465373
0.464563
0.463366
0.463039
0.464031
0.461089
1.370942
1.341637
1.331456
1.332601
1.347907
1.344085
1.329415
1.329307
1.331218
1.329404
9;1024;img_4.jpg;3;
0.326222
0.316734
0.340035
0.340200
0.318747
0.317863
0.319171
0.324857
0.317747
0.321549
0.957628
0.924206
0.915183
0.964957
0.926584
0.921383
0.929268
1.149767
0.982580
0.937436
9;1024;img_4.jpg;4;
0.296536
0.321969
0.246143
0.246258
0.326130
0.332183
0.293117
0.271714
0.269839
0.299245
0.824360
0.853778
0.728138
0.708625
0.807959
0.744449
0.755926
0.729244
0.748906
0.761725
9;1024;img_5.jpg;1;
0.641145
0.633500
0.630883
0.599554
0.610886
0.611771
0.632305
0.621734
0.599279
0.632440
1.832061
1.781906
1.752095
1.727004
1.755072
1.839083
1.822504
1.773797
1.733826
1.869543
9;1024;img_5.jpg;2;
0.315769
0.315796
0.343731
0.343391
0.346460
0.330228
0.327983
0.340085
0.315433
0.327176
0.978496
1.010359
0.913465
0.909928
1.050696
0.939057
0.940277
0.908679
0.918575
0.916121
9;1024;img_5.jpg;3;
0.244111
0.211799
0.210248
0.210869
0.209763
0.212485
0.212797
0.232376
0.211435
0.230037
0.637619
0.636234
0.598628
0.605599
0.603176
0.610457
0.711376
0.648285
0.611302
0.609352
9;1024;img_5.jpg;4;
0.208782
0.180841
0.188337
0.208846
0.181151
0.162112
0.162096
0.194425
0.302405
0.260438
0.617025
0.583778
0.504503
0.520554
0.644672
0.500770
0.613617
0.553780
0.622589
0.592579
9;4096;000009.png;1;
0.027890
0.028426
0.028925
0.030244
0.028793
0.029489
0.029090
0.028225
0.027835
0.027794
0.075957
0.076614
0.081317
0.086332
0.079345
0.080300
0.078873
0.076922
0.078545
0.077930
9;4096;000009.png;2;
0.015012
0.015159
0.014504
0.018301
0.017298
0.015056
0.016632
0.015180
0.015800
0.015345
0.039205
0.038889
0.041040
0.044541
0.042938
0.039442
0.038763
0.039668
0.040100
0.039386
9;4096;000009.png;3;
0.014737
0.010693
0.010904
0.013608
0.012600
0.010819
0.010823
0.010464
0.010925
0.011170
0.033264
0.028532
0.030081
0.028077
0.036184
0.026625
0.030051
0.027372
0.028029
0.026486
9;4096;000009.png;4;
0.010003
0.010504
0.010795
0.012935
0.012619
0.014132
0.010150
0.019065
0.016470
0.012608
0.026117
0.022467
0.024347
0.024600
0.024469
0.032529
0.022592
0.034557
0.021195
0.025498
9;4096;img_1.jpg;1;
1.051362
0.991939
0.958287
0.958243
0.968103
0.957977
0.964321
0.998885
0.956981
0.987369
2.850142
2.964803
2.748949
2.765937
2.824087
2.751063
2.757000
2.836220
2.748388
2.781629
9;4096;img_1.jpg;2;
0.496638
0.523638
0.486407
0.481899
0.507866
0.485385
0.486936
0.484589
0.486139
0.490775
1.482303
1.486545
1.408053
1.396698
1.435952
1.408860
1.426078
1.398636
1.403692
1.424712
9;4096;img_1.jpg;3;
0.333129
0.336661
0.341665
0.344065
0.366102
0.334662
0.355771
0.334442
0.402249
0.331464
1.139756
0.982541
1.050985
0.999732
1.014198
1.084546
0.976496
1.100955
1.014555
0.952596
9;4096;img_1.jpg;4;
0.261686
0.277121
0.271741
0.344727
0.318373
0.293197
0.320111
0.256831
0.351131
0.286923
1.069084
0.878251
0.758775
0.844016
1.023287
1.105782
0.951896
0.786529
0.846841
0.840041
9;4096;img_2.jpg;1;
0.545898
0.571500
0.520600
0.523841
0.521158
0.519855
0.523870
0.551457
0.531575
0.518438
1.554356
1.572620
1.502817
1.510646
1.506776
1.532598
1.496741
1.543083
1.503933
1.560061
9;4096;img_2.jpg;2;
0.269217
0.286686
0.267287
0.279986
0.270802
0.272400
0.265953
0.264031
0.289829
0.280545
0.915021
0.829581
0.813905
0.764116
0.755740
0.777141
0.766963
0.773020
0.778769
0.873393
9;4096;img_2.jpg;3;
0.188942
0.182106
0.233023
0.228112
0.324934
0.182769
0.180952
0.188920
0.181700
0.250182
0.628404
0.525251
0.629151
0.622467
0.738195
0.614474
0.518576
0.520785
0.564347
0.575733
9;4096;img_2.jpg;4;
0.150718
0.156240
0.186832
0.153890
0.163744
0.140786
0.246774
0.251766
0.186979
0.184185
0.456117
0.408869
0.423542
0.413680
0.484958
0.412218
0.696698
0.500593
0.589469
0.412860
9;4096;img_3.jpg;1;
0.870333
0.850264
0.802549
0.803977
0.802062
0.807034
0.815992
0.841820
0.814314
0.809211
2.452415
2.512900
2.333178
2.320921
2.392709
2.382706
2.354838
2.391995
2.362006
2.340298
9;4096;img_3.jpg;2;
0.432121
0.420835
0.416453
0.409315
0.446462
0.407856
0.407640
0.411698
0.407340
0.461571
1.251401
1.241591
1.197170
1.188812
1.260936
1.180861
1.173862
1.180504
1.176337
1.180190
9;4096;img_3.jpg;3;
0.310689
0.306931
0.286221
0.288936
0.282318
0.300100
0.340092
0.295154
0.283763
0.420865
0.882869
1.017492
0.817721
0.836616
0.978831
0.833844
0.865653
0.868460
0.807888
1.133677
9;4096;img_3.jpg;4;
0.249714
0.225524
0.278843
0.216594
0.222573
0.292315
0.216777
0.232767
0.227291
0.230965
0.747711
0.641309
0.817043
0.649719
0.632563
0.644451
0.636765
0.699474
0.786674
0.637248
9;4096;img_4.jpg;1;
0.953256
0.905068
0.907919
0.927423
0.914873
0.916444
0.926107
0.942171
0.907005
0.918736
2.662498
2.620814
2.640730
2.655411
2.621536
2.743502
2.648671
2.757504
2.623411
2.657196
9;4096;img_4.jpg;2;
0.468015
0.470579
0.562032
0.465372
0.458032
0.460653
0.463801
0.473677
0.473294
0.466274
1.366201
1.399247
1.346654
1.356854
1.330407
1.335137
1.380578
1.375375
1.366484
1.383148
9;4096;img_4.jpg;3;
0.326839
0.335737
0.319192
0.338328
0.453590
0.357513
0.317097
0.318867
0.324981
0.407527
1.061874
0.981460
0.909946
0.934689
0.938747
1.186972
0.910490
0.913373
1.030976
1.045440
9;4096;img_4.jpg;4;
0.392191
0.375332
0.246488
0.272409
0.244962
0.291867
0.379246
0.338349
0.326674
0.400309
0.869194
0.837599
0.709545
0.905245
0.726707
0.866029
0.877596
1.038114
1.063061
1.202554
9;4096;img_5.jpg;1;
0.659689
0.611040
0.607830
0.600008
0.644860
0.599016
0.637648
0.610286
0.623483
0.614395
1.803474
1.852047
1.751515
1.732861
1.764266
1.725622
1.886677
1.759735
1.755502
1.748580
9;4096;img_5.jpg;2;
0.332649
0.305809
0.310682
0.305363
0.310988
0.307078
0.312949
0.315009
0.312172
0.308806
0.990687
0.886813
0.883754
0.915870
0.895067
0.879883
0.950084
0.882957
0.885364
0.882894
9;4096;img_5.jpg;3;
0.244941
0.273466
0.284824
0.210458
0.215051
0.243244
0.208646
0.256677
0.261885
0.245312
0.659122
0.687711
0.809880
0.603602
0.643869
0.609418
0.603892
0.730551
0.806513
0.612853
9;4096;img_5.jpg;4;
0.214641
0.242784
0.196401
0.191601
0.258001
0.163128
0.167732
0.171127
0.205157
0.162035
0.554043
0.498528
0.900403
0.648069
0.594174
0.502195
0.488317
0.613964
0.546831
0.497105
